cluster,name,n,prevalence,precision,recall,f1,fpr,fnr,roc_auc,pr_auc,pr_auc_lift,mean_score,mean_score_pos,mean_score_neg,opt_threshold,f1_at_opt_in_sample,f1_plateau_low,f1_plateau_high,tp,fp,tn,fn,f1_ci_low,f1_ci_high,opt_threshold_ci_low,opt_threshold_ci_high,opt_threshold_boot_std,pr_auc_ci_low,pr_auc_ci_high,f1_gain_in_sample_if_cluster_threshold,threshold_ci_excludes_global,opt_threshold_ci_width
0,Definitions & technical/science concepts,4561,0.2716509537382153,0.5998890122086571,0.8724778046811945,0.7109503452811575,0.21703792895845875,0.1275221953188055,0.9108372825961781,0.7942536229195044,2.923802077591493,0.2980927549107153,0.655627141489088,0.1647438370989743,0.46,0.7172774869109948,0.3,0.56,1081,721,2601,158,0.6931531099687599,0.7285421756103346,0.3,0.55,0.0615093805854034,0.772912734593913,0.816039146783813,0.006327141629837274,False,0.25000000000000006
1,"Opinions on public figures, beliefs & speculation",3602,0.35063853414769575,0.7003916449086162,0.8495645288994458,0.7677996422182468,0.19623770842240273,0.15043547110055425,0.9027844491677322,0.8054113213480831,2.29698462351211,0.31035557744538533,0.6070517329809977,0.15014726430238481,0.3,0.770693906305037,0.2,0.36,1073,459,1880,190,0.7501825753773032,0.7842453316733695,0.25,0.34,0.020003497194240816,0.7820170824969671,0.8288447244277075,0.002894264086790166,False,0.09000000000000002
2,"Accounts, apps & online-platform how-to",3584,0.2826450892857143,0.6479514415781487,0.843040473840079,0.7327327327327328,0.18047452353169974,0.15695952615992104,0.9058770407111287,0.7534957561114395,2.66587244807838,0.27355178877637737,0.6021537131767324,0.14407930747822112,0.3,0.7356902356902357,0.25,0.34,854,464,2107,159,0.7118448943574732,0.7526446076003028,0.27,0.4,0.024860410294281144,0.7231051085246877,0.7825641892972266,0.0029575029575029665,False,0.13
3,"Health, body, food & remedies",3608,0.3946784922394678,0.6894649751792609,0.8778089887640449,0.7723200494284832,0.25778388278388276,0.12219101123595505,0.8914854457340413,0.8255483416845,2.0916983264028626,0.36918325865523655,0.6371053258917134,0.19449414521899885,0.37,0.7729747038104386,0.25,0.41,1250,563,1621,174,0.7561925027729557,0.7869623791564294,0.27,0.37,0.0325562589988469,0.8036807427179405,0.845121275236664,0.000654654381955444,False,0.09999999999999998
4,"Relationships, emotions & self",3476,0.44591484464902187,0.7408656548622822,0.8503225806451613,0.7918293781916491,0.23935617860851505,0.14967741935483872,0.8811462834555991,0.8231986898472007,1.8460894489734643,0.3641119395583525,0.5979131564375032,0.17595415858084276,0.2,0.8055555555555556,0.13,0.26,1318,461,1465,232,0.7774631798198888,0.806688031286298,0.18,0.21,0.010736405357474171,0.8015935985783449,0.8431642625474601,0.013726177363906467,True,0.03
5,"Countries, culture & geopolitics",2889,0.3291796469366563,0.7188552188552189,0.8980021030494216,0.7985039738195419,0.17234262125902994,0.10199789695057834,0.9358835791774234,0.8641678067080724,2.625216397034302,0.3117992879712562,0.6738780177848581,0.13412288340328127,0.38,0.8075986361422309,0.32,0.45,854,334,1604,97,0.7796539318412621,0.8173537755216304,0.34,0.45,0.018907752378323553,0.8417862527867069,0.884371666013883,0.009094662322689073,True,0.10999999999999999
6,"Education, colleges & careers",2754,0.24909222948438633,0.6360465116279069,0.7973760932944607,0.7076326002587322,0.1513539651837524,0.20262390670553937,0.903725236986201,0.7659053205963794,3.0747860829773015,0.23571269824385638,0.5745589463736152,0.12331012270371393,0.33,0.7099737532808399,0.28,0.35,547,313,1755,139,0.6829447705762549,0.7321536076407749,0.29,0.39,0.021351149851940063,0.7343360904425575,0.7960640900959237,0.0023411530221076893,False,0.10000000000000003
7,"Money, business & companies",3298,0.3802304426925409,0.734475374732334,0.8205741626794258,0.7751412429378531,0.18199608610567514,0.17942583732057416,0.9082907299381705,0.8489939878618058,2.2328406475025804,0.3090603468839807,0.5879491450530303,0.13796125055130545,0.25,0.7790990990990991,0.13,0.36,1029,372,1672,225,0.7584270364467615,0.7920212209808627,0.17,0.36,0.0460200380269291,0.8310640980468018,0.8666576297393235,0.003957856161245998,False,0.18999999999999997
8,Product comparison & 'which is best',2594,0.35774865073245954,0.7067014795474326,0.875,0.7818969667790082,0.20228091236494597,0.125,0.9139923210663576,0.8352561557539007,2.334756969855192,0.33853882890806253,0.6562100047887931,0.16158873814136504,0.29,0.7833020637898687,0.26,0.44,812,337,1329,116,0.7630173797577927,0.8012956644348481,0.28,0.42,0.052869642518178606,0.8116167380027005,0.8594549615054197,0.0014050970108604455,False,0.13999999999999996
9,India-specific,2786,0.3840631730078966,0.7235469448584203,0.9074766355140187,0.8051409618573798,0.2162004662004662,0.09252336448598131,0.9196253512842296,0.8525196003269819,2.219737950010254,0.36871428816340146,0.6878174162224299,0.1697397269610934,0.33,0.8053355564818675,0.28,0.48,971,371,1345,99,0.7864518173953889,0.8212719106047326,0.3,0.45,0.05022725853558006,0.8299228912679346,0.8725289554034782,0.00019459462448767617,False,0.15000000000000002
10,"Learning, study & exam preparation",2447,0.45606865549652637,0.6947873799725651,0.9077060931899642,0.7871017871017871,0.33433508640120213,0.09229390681003584,0.879263846139346,0.8398260068236154,1.841446450445687,0.44720100979224103,0.6942402377782259,0.24006669090992783,0.31,0.7898187427689934,0.16,0.44,1013,445,886,103,0.7687301840730125,0.8047043541693001,0.2,0.43,0.06250614049835423,0.8182870119398926,0.8615089833651723,0.002716955667206311,False,0.22999999999999998
11,"Personal experiences, favourites & stories",2539,0.42812130760141787,0.7268722466960352,0.9107635694572217,0.8084932625561454,0.256198347107438,0.08923643054277829,0.9124799470831083,0.8749827526404235,2.0437729613192595,0.40965685287600195,0.6980407259208832,0.19376617105796753,0.39,0.818490245971162,0.32,0.49,990,372,1080,97,0.7905567401158192,0.8249731050627175,0.38925000000000004,0.48,0.02908882947112172,0.8545915531178673,0.8930783190132131,0.009996983415016647,True,0.09074999999999994
