threshold,precision,recall,f1,model
0.0,0.35610152603702344,1.0,0.5251841682940506,cosine_tfidf
0.01,0.38489014883061656,0.9997054708784331,0.55579662682168,cosine_tfidf
0.02,0.39285300925925926,0.9997054708784331,0.5640514322510957,cosine_tfidf
0.03,0.3964661214953271,0.9995582063176497,0.5677422053072918,cosine_tfidf
0.04,0.39982326951399116,0.999484574037258,0.571164082388336,cosine_tfidf
0.05,0.40346703933870537,0.9991164126352993,0.5748114886045921,cosine_tfidf
0.06,0.40759889383191056,0.9984537221117739,0.5788810860423915,cosine_tfidf
0.07,0.41203858677459604,0.9969810765039393,0.5830928900564144,cosine_tfidf
0.08,0.4167155515761524,0.9938148884470952,0.5872090493800305,cosine_tfidf
0.09,0.42200539624772543,0.9904278035490759,0.5918380816191838,cosine_tfidf
0.1,0.4273990100590771,0.9854944407628304,0.5962223806129722,cosine_tfidf
0.11,0.43218219031220556,0.9795302260511008,0.5997475316712502,cosine_tfidf
0.12,0.4373613272841673,0.9724615271334953,0.6033624194801042,cosine_tfidf
0.13,0.44241421237503376,0.9645092408511892,0.6065896408807798,cosine_tfidf
0.14,0.4473176113639498,0.9553052058022237,0.6093225314077727,cosine_tfidf
0.15,0.45226360628036333,0.9459539061924748,0.6119513182651772,cosine_tfidf
0.16,0.4569652992312666,0.9366762388631176,0.6142591564257949,cosine_tfidf
0.17,0.4618628529519619,0.9273985715337604,0.6166311718195393,cosine_tfidf
0.18,0.46602924634420695,0.9151756129887343,0.6175747186405307,cosine_tfidf
0.19,0.4696812794845242,0.9017009056770489,0.6176426085640793,cosine_tfidf
0.2,0.47384953667347257,0.888594359767322,0.6180952137058567,cosine_tfidf
0.21,0.4772782015254918,0.8754141815772034,0.6177547998233354,cosine_tfidf
0.22,0.4801331306241525,0.8603931963772918,0.616329975209663,cosine_tfidf
0.23,0.48315457413249213,0.8458140048597305,0.615001606167684,cosine_tfidf
0.24,0.48640496401947686,0.8311611810617775,0.6136783733826248,cosine_tfidf
0.25,0.48824800458614454,0.8152566084971652,0.610734182801037,cosine_tfidf
0.26,0.49127249706068554,0.7999410941756866,0.6087127048606247,cosine_tfidf
0.27,0.49271394096899945,0.7817539209189308,0.6044578553332004,cosine_tfidf
0.28,0.4938394938394938,0.7643767027464841,0.600023120050864,cosine_tfidf
0.29,0.4960722127348134,0.7486193947426552,0.5967249677192159,cosine_tfidf
0.3,0.49792052913764595,0.7316839702525587,0.5925815492873755,cosine_tfidf
0.31,0.4995879262387967,0.7141594875193285,0.5879072586755568,cosine_tfidf
0.32,0.5007931472081218,0.6973713275900154,0.5829563290554889,cosine_tfidf
0.33,0.5028487709588149,0.6823503423901038,0.5790065604498594,cosine_tfidf
0.34,0.5039910689366452,0.6648258596568736,0.5733426466852933,cosine_tfidf
0.35000000000000003,0.5040771792810382,0.6463441572785509,0.5664139377318921,cosine_tfidf
0.36,0.5045985143261408,0.6302186878727635,0.5604557509085552,cosine_tfidf
0.37,0.5041808046534173,0.6126942051395332,0.5531660295828486,cosine_tfidf
0.38,0.5045207956600362,0.5957587806494367,0.546356945100952,cosine_tfidf
0.39,0.504554201411161,0.5791915175612988,0.5393027321655068,cosine_tfidf
0.4,0.5061638868745467,0.5653486488476548,0.5341217391304348,cosine_tfidf
0.41000000000000003,0.5060273601516998,0.5501803990869597,0.5271810068084805,cosine_tfidf
0.42,0.5061977715877437,0.5352330461674398,0.5203106545936079,cosine_tfidf
0.43,0.5057134695043565,0.5213901774537958,0.5134321864916797,cosine_tfidf
0.44,0.5048857541694218,0.5060010308519255,0.5054427772874376,cosine_tfidf
0.45,0.504532406707962,0.4917900007363228,0.4980797196017749,cosine_tfidf
0.46,0.5039651687140414,0.4772844414991532,0.4902620731384487,cosine_tfidf
0.47000000000000003,0.5042077422457322,0.46322067594433397,0.48284595901450617,cosine_tfidf
0.48,0.5015272847354082,0.44731610337972166,0.4728730442904958,cosine_tfidf
0.49,0.5020870602265951,0.4339886606288197,0.4655608214849921,cosine_tfidf
0.5,0.5002642706131079,0.4181577203445991,0.45554084947659734,cosine_tfidf
0.51,0.49940752893993257,0.4034312642662543,0.446318018898664,cosine_tfidf
0.52,0.4984520123839009,0.39120830572122817,0.43836633663366337,cosine_tfidf
0.53,0.49728576967816984,0.37773359840954274,0.42934259530484997,cosine_tfidf
0.54,0.49724531703896624,0.3655106398645166,0.42132065863181123,cosine_tfidf
0.55,0.49445538397761424,0.35129960974891394,0.4107619457597934,cosine_tfidf
0.56,0.49157634939371175,0.3373094764744864,0.40008733624454146,cosine_tfidf
0.5700000000000001,0.4901524424168243,0.32435019512554303,0.39037575327897905,cosine_tfidf
0.58,0.48748125072112614,0.31109638465503275,0.37980942107155696,cosine_tfidf
0.59,0.48522903958856595,0.29872616154922316,0.3697930908759457,cosine_tfidf
0.6,0.4806664180032326,0.28466239599440396,0.3575656677765445,cosine_tfidf
0.61,0.4782552420398654,0.2720712760474192,0.3468343736800113,cosine_tfidf
0.62,0.4779224265199302,0.2622045504749282,0.3386268543172309,cosine_tfidf
0.63,0.4765494137353434,0.25138060525734485,0.3291395516992046,cosine_tfidf
0.64,0.47627365356622997,0.24092482144172006,0.3199843528433817,cosine_tfidf
0.65,0.47188968025458405,0.2292909211398277,0.3086223984142716,cosine_tfidf
0.66,0.4696369113683209,0.2180988145202857,0.2978680611423974,cosine_tfidf
0.67,0.466798810703667,0.20808482438701126,0.2878533231474408,cosine_tfidf
0.68,0.4652885443583118,0.1988807893380458,0.27865469926751263,cosine_tfidf
0.6900000000000001,0.46249549224666425,0.18886679920477137,0.2682072463010404,cosine_tfidf
0.7000000000000001,0.4567598187311178,0.1781164862675797,0.25629072416167825,cosine_tfidf
0.71,0.45201970443349754,0.16891245121861423,0.24592624356775297,cosine_tfidf
0.72,0.4508873297565002,0.16088653265591635,0.23715200520974658,cosine_tfidf
0.73,0.4469976154346412,0.15182976216773433,0.2266681323513246,cosine_tfidf
0.74,0.4427047878375312,0.143656579044253,0.21692239270624863,cosine_tfidf
0.75,0.43842836607570673,0.13474707311685444,0.2061391157420445,cosine_tfidf
0.76,0.43237082066869303,0.12569030262867242,0.1947629642307034,cosine_tfidf
0.77,0.42864735583311186,0.11876886827185038,0.18600092250922506,cosine_tfidf
0.78,0.42321884757309114,0.10978573006406009,0.17434518241347055,cosine_tfidf
0.79,0.42165759225650334,0.10264339886606288,0.1650974122105762,cosine_tfidf
0.8,0.41832158872517616,0.09616375819159119,0.1563790935760043,cosine_tfidf
0.81,0.4166094715168154,0.08938958839555261,0.14719612003637467,cosine_tfidf
0.8200000000000001,0.41357798165137616,0.08298358000147264,0.13823132589230955,cosine_tfidf
0.8300000000000001,0.41581431943351693,0.07782932037405199,0.1311170377721268,cosine_tfidf
0.84,0.41364421416234887,0.07053972461527133,0.12052588538717997,cosine_tfidf
0.85,0.41776315789473684,0.0654590972682424,0.11318352536762365,cosine_tfidf
0.86,0.42268565615462866,0.06118842500552242,0.10690165305203576,cosine_tfidf
0.87,0.432648401826484,0.055813268536926586,0.09887171460249136,cosine_tfidf
0.88,0.44621260343730107,0.05161622855459833,0.09252903907074973,cosine_tfidf
0.89,0.4593437945791726,0.047419188572270086,0.08596409263832343,cosine_tfidf
0.9,0.4744645799011532,0.04241219350563287,0.07786414329165259,cosine_tfidf
0.91,0.4864864864864865,0.03711066931742876,0.06896079906957653,cosine_tfidf
0.92,0.488268156424581,0.032177306531183274,0.06037579441834762,cosine_tfidf
0.93,0.5006747638326585,0.027317576025329506,0.05180840664711633,cosine_tfidf
0.9400000000000001,0.5114754098360655,0.022973271482217804,0.043971531252202094,cosine_tfidf
0.9500000000000001,0.4959183673469388,0.017892644135188866,0.034539123018975194,cosine_tfidf
0.96,0.46898263027295284,0.013916500994035786,0.02703089244851259,cosine_tfidf
0.97,0.4336283185840708,0.010823945217583389,0.02112068965517241,cosine_tfidf
0.98,0.3951048951048951,0.008320447684264782,0.016297685151799236,cosine_tfidf
0.99,0.3612167300380228,0.006995066637213754,0.01372435712221901,cosine_tfidf
1.0,0.3435897435897436,0.00493336278624549,0.009727061556329849,cosine_tfidf
0.0,0.35610152603702344,1.0,0.5251841682940506,lr_lexical
0.01,0.36335179388393934,1.0,0.5330271988696574,lr_lexical
0.02,0.38005820786925615,1.0,0.5507857649802291,lr_lexical
0.03,0.3902137685323526,1.0,0.5613723261341326,lr_lexical
0.04,0.3989835189047857,1.0,0.5703905921881562,lr_lexical
0.05,0.4069767441860465,0.9999263677196083,0.5785000745489788,lr_lexical
0.06,0.41448071579075946,0.9994109417568662,0.5859523398376791,lr_lexical
0.07,0.4218905472636816,0.9990427803549076,0.5932533175925319,lr_lexical
0.08,0.42891047751653427,0.9980119284294234,0.5999734407507414,lr_lexical
0.09,0.43609991941982273,0.9962447537000221,0.606644845984845,lr_lexical
0.1,0.44269176532318893,0.9939621530078786,0.6125606933793166,lr_lexical
0.11,0.44972785253948644,0.9916795523157352,0.618820069840103,lr_lexical
0.12,0.4561606141930224,0.9887342611000662,0.624296805988191,lr_lexical
0.13,0.4619292848995956,0.9840954274353877,0.6287340640730112,lr_lexical
0.14,0.46871701034555563,0.9807819748177601,0.6343008166861116,lr_lexical
0.15,0.4748889525720017,0.9761431411530815,0.6389377545364724,lr_lexical
0.16,0.48088149445417394,0.9704734555629188,0.6430993681231549,lr_lexical
0.17,0.48625180897250364,0.9648774022531478,0.6466321243523315,lr_lexical
0.18,0.49208448256319187,0.9589868198218099,0.6504194966040752,lr_lexical
0.19,0.49704210202827287,0.9527280759885134,0.6532703910332467,lr_lexical
0.2,0.501991876269333,0.9463956998748251,0.6560163327804006,lr_lexical
0.21,0.5068966887943713,0.938958839555261,0.6583716247612164,lr_lexical
0.22,0.5103361786480035,0.9288712171415949,0.6587467362924282,lr_lexical
0.23,0.5143257616358164,0.9186363301671453,0.6594428881019082,lr_lexical
0.24,0.5175700071371594,0.9077387526691701,0.6592513368983957,lr_lexical
0.25,0.5209483459579749,0.896325749208453,0.6589260582440186,lr_lexical
0.26,0.5245036002618372,0.8849863780281275,0.6586475230162209,lr_lexical
0.27,0.5278259709061791,0.873647006847802,0.6580698835274542,lr_lexical
0.28,0.530690014970739,0.8613504160223843,0.6567482596002695,lr_lexical
0.29,0.5342084512268658,0.8480229732714822,0.6554923164484917,lr_lexical
0.3,0.5385345932855311,0.8350636919225388,0.6547921478060046,lr_lexical
0.31,0.541553265940902,0.8204845004049776,0.6524577685393916,lr_lexical
0.32,0.5439741035856573,0.8042853987187983,0.6490003267876772,lr_lexical
0.33,0.5479179424372321,0.7905897945659377,0.6472556288995388,lr_lexical
0.34,0.5522872396105936,0.7769678226934689,0.645638939027748,lr_lexical
0.35000000000000003,0.5561295877731137,0.760915985568073,0.6426017473494388,lr_lexical
0.36,0.5591278844557579,0.7439805610779766,0.6384430683685076,lr_lexical
0.37,0.56299122906937,0.7278550916721891,0.6348951475641478,lr_lexical
0.38,0.5679765395894428,0.7130550033134526,0.6323006104926381,lr_lexical
0.39,0.570632420644536,0.6936160812900376,0.626142444082555,lr_lexical
0.4,0.5744894123543416,0.6752080111921066,0.620790034864435,lr_lexical
0.41000000000000003,0.577541142303969,0.6589352772255357,0.6155592241023525,lr_lexical
0.42,0.5804789938453305,0.6389072969589868,0.6082933155736269,lr_lexical
0.43,0.5842688842688842,0.6207937559826228,0.6019777944378993,lr_lexical
0.44,0.5861524096818215,0.6009130402768573,0.5934409540430483,lr_lexical
0.45,0.5889286780065652,0.5812532214122671,0.5850657772836761,lr_lexical
0.46,0.5904238861386139,0.5620351962300273,0.5758798898487307,lr_lexical
0.47000000000000003,0.5938305412371134,0.5428908033281791,0.5672192945339848,lr_lexical
0.48,0.5953297623033144,0.5237464104263309,0.5572486192173606,lr_lexical
0.49,0.5988828765927736,0.5052647080480083,0.5481049562682216,lr_lexical
0.5,0.6041095890410959,0.4870775347912525,0.5393175981411275,lr_lexical
0.51,0.6082543330460596,0.46771224504822917,0.5288045288045289,lr_lexical
0.52,0.6113839062030264,0.4492305426699065,0.517911714770798,lr_lexical
0.53,0.6165999578681273,0.43104336941315075,0.5073889490790899,lr_lexical
0.54,0.622325684513912,0.413371622119137,0.4967701973276701,lr_lexical
0.55,0.6294200848656294,0.39319637729180473,0.4840244731475187,lr_lexical
0.56,0.6366366366366366,0.37464104263309034,0.4717007370324016,lr_lexical
0.5700000000000001,0.6426578073089702,0.35608570797437594,0.4582583151710414,lr_lexical
0.58,0.6473075838736961,0.33811943155879537,0.4442079806529625,lr_lexical
0.59,0.6536446639724592,0.32155216847065754,0.43105320304017375,lr_lexical
0.6,0.6593195975083852,0.3039540534570356,0.4160870879951618,lr_lexical
0.61,0.6627430910951894,0.2860614093218467,0.399629686776732,lr_lexical
0.62,0.6650326797385621,0.26971504307488403,0.3837812352663838,lr_lexical
0.63,0.6715399610136452,0.25366320594948827,0.36823259045481266,lr_lexical
0.64,0.6787358727501046,0.23878948531036007,0.35328721607930713,lr_lexical
0.65,0.6842105263157895,0.2230321773065312,0.3364060417592181,lr_lexical
0.66,0.6888780009799118,0.20705397246152712,0.31840570684481684,lr_lexical
0.67,0.6983659255290651,0.19195935498122377,0.301143583227446,lr_lexical
0.68,0.7011124121779859,0.17634931153817834,0.28181443784197213,lr_lexical
0.6900000000000001,0.708118556701031,0.16184375230100875,0.26347018279892115,lr_lexical
0.7000000000000001,0.7156549520766773,0.14844267726971505,0.24588364434687157,lr_lexical
0.71,0.7171000788022065,0.1340107503129372,0.22582046032632297,lr_lexical
0.72,0.7192524989135158,0.12186142404830277,0.20841203878604708,lr_lexical
0.73,0.7272727272727273,0.1101538914660187,0.19132881442639724,lr_lexical
0.74,0.7251082251082251,0.0986672557249098,0.17369887873484996,lr_lexical
0.75,0.7326302729528535,0.08695972314262573,0.15546633317975384,lr_lexical
0.76,0.743849493487699,0.075693984242692,0.13740560048118694,lr_lexical
0.77,0.7453625632377741,0.06509093586628378,0.1197264170109027,lr_lexical
0.78,0.7487875848690592,0.05684412046241072,0.1056665754174651,lr_lexical
0.79,0.7471395881006865,0.048081879095795595,0.09034936008301624,lr_lexical
0.8,0.7538035961272476,0.040129592813489434,0.07620246085011186,lr_lexical
0.81,0.7533557046979866,0.03306089389588396,0.06334203287014178,lr_lexical
0.8200000000000001,0.7557894736842106,0.02643398866062882,0.05108138873079112,lr_lexical
0.8300000000000001,0.7591036414565826,0.019954347986157132,0.03888649734538672,lr_lexical
0.84,0.7509025270758123,0.015315514321478537,0.030018761726078803,lr_lexical
0.85,0.75,0.010823945217583389,0.02133991435000363,lr_lexical
0.86,0.7450980392156863,0.008394079964656506,0.016601135867190916,lr_lexical
0.87,0.7058823529411765,0.005301524188204109,0.010524007893005921,lr_lexical
0.88,0.6615384615384615,0.0031661880568441205,0.006302213102740731,lr_lexical
0.89,0.6511627906976745,0.0020617038509682644,0.004110393423370523,lr_lexical
0.9,0.5185185185185185,0.0010308519254841322,0.00205761316872428,lr_lexical
0.91,0.5,0.0005890582431337898,0.0011767301610649406,lr_lexical
0.92,0.5454545454545454,0.0004417936823503424,0.0008828722778104769,lr_lexical
0.93,0.25,7.363228039172373e-05,0.0001472211998527788,lr_lexical
0.9400000000000001,0.5,7.363228039172373e-05,0.00014724287712581904,lr_lexical
0.9500000000000001,0.0,0.0,0.0,lr_lexical
0.96,0.0,0.0,0.0,lr_lexical
0.97,0.0,0.0,0.0,lr_lexical
0.98,0.0,0.0,0.0,lr_lexical
0.99,0.0,0.0,0.0,lr_lexical
1.0,0.0,0.0,0.0,lr_lexical
0.0,0.35610152603702344,1.0,0.5251841682940506,lr_tfidf_pair
0.01,0.3916310253149925,0.99786466386864,0.5624987029158453,lr_tfidf_pair
0.02,0.41535669240471285,0.9941830498490538,0.5859225828849158,lr_tfidf_pair
0.03,0.4341450810671145,0.9897651130255504,0.6035516242731742,lr_tfidf_pair
0.04,0.44875020969635965,0.9848317502393049,0.6165583367906698,lr_tfidf_pair
0.05,0.46203919657465103,0.9773212576393491,0.6274463458447576,lr_tfidf_pair
0.06,0.47416118243607724,0.9708416169648774,0.6371412003479269,lr_tfidf_pair
0.07,0.485247238490622,0.9639201826080553,0.6455287359155798,lr_tfidf_pair
0.08,0.4965430306734405,0.9571460128120168,0.6538732394366198,lr_tfidf_pair
0.09,0.5071569012976799,0.949635520212061,0.6611981236061623,lr_tfidf_pair
0.1,0.5167568440604053,0.9423459244532804,0.6674837666571047,lr_tfidf_pair
0.11,0.5251944398477577,0.9347617995729328,0.6725293354170531,lr_tfidf_pair
0.12,0.5330396475770925,0.9265886164494515,0.6767592567694748,lr_tfidf_pair
0.13,0.5405405405405406,0.9189308592887122,0.6806839564754971,lr_tfidf_pair
0.14,0.5482841181165203,0.9105367793240556,0.6844333748443338,lr_tfidf_pair
0.15,0.5551881878708275,0.9025844930417495,0.6874929893438025,lr_tfidf_pair
0.16,0.5614010734776975,0.893380457992784,0.6895121188872787,lr_tfidf_pair
0.17,0.5669708288024207,0.882998306457551,0.6905447426004838,lr_tfidf_pair
0.18,0.5731200463947419,0.8732052131654517,0.69203162839553,lr_tfidf_pair
0.19,0.5792752261828249,0.862749429349827,0.6931495504022717,lr_tfidf_pair
0.2,0.5853904790751678,0.8538399234224284,0.6945792153339323,lr_tfidf_pair
0.21,0.5910847719659882,0.8445622560930712,0.6954465530831262,lr_tfidf_pair
0.22,0.596726660351542,0.8349164273617554,0.6960071202774454,lr_tfidf_pair
0.23,0.602211724286021,0.8260069214343568,0.6965754913223012,lr_tfidf_pair
0.24,0.6075651412305672,0.8172446800677416,0.696976357185469,lr_tfidf_pair
0.25,0.6134547689556908,0.8084088064207349,0.6975665544189592,lr_tfidf_pair
0.26,0.618689029608078,0.7985420808482439,0.6972034715525555,lr_tfidf_pair
0.27,0.6235663969261221,0.7886753552757529,0.6964692112621107,lr_tfidf_pair
0.28,0.629532598987794,0.778514100581695,0.696141690808533,lr_tfidf_pair
0.29,0.6342798078676962,0.768131949046462,0.6948181697082723,lr_tfidf_pair
0.3,0.6391112766089493,0.758265223473971,0.6936081363238363,lr_tfidf_pair
0.31,0.6454891994917408,0.7481039687799131,0.6930186555710923,lr_tfidf_pair
0.32,0.6498833592534993,0.7384581400485973,0.6913452590218179,lr_tfidf_pair
0.33,0.656235496917059,0.7288123113172815,0.6906223834775328,lr_tfidf_pair
0.34,0.6608860587996207,0.7183565275016567,0.6884239494760611,lr_tfidf_pair
0.35000000000000003,0.6649809490820922,0.7067962594801561,0.6852512849800114,lr_tfidf_pair
0.36,0.6685047720042417,0.6962668433841396,0.6821034408136767,lr_tfidf_pair
0.37,0.6724524481087727,0.6846329430822472,0.6784880326911851,lr_tfidf_pair
0.38,0.6774145836414731,0.6744716883881894,0.6759399328487622,lr_tfidf_pair
0.39,0.6817288801571709,0.6643104336941315,0.6729069550624649,lr_tfidf_pair
0.4,0.6866790295163036,0.6543700758412488,0.6701353542208649,lr_tfidf_pair
0.41000000000000003,0.6912369503321734,0.6435461306236654,0.6665395614871306,lr_tfidf_pair
0.42,0.6968296440444336,0.6327958176864737,0.6632708188623909,lr_tfidf_pair
0.43,0.701300853426133,0.6232236212355496,0.6599610136452242,lr_tfidf_pair
0.44,0.7059925093632958,0.6107061335689566,0.6549014963085791,lr_tfidf_pair
0.45,0.7094323144104804,0.5981150136219718,0.6490351963565179,lr_tfidf_pair
0.46,0.7158754374943911,0.5873647006847802,0.6452839346384079,lr_tfidf_pair
0.47000000000000003,0.7196648867611858,0.5755835358221044,0.6396105224399624,lr_tfidf_pair
0.48,0.7248978816376935,0.5618879316692438,0.6330678612908578,lr_tfidf_pair
0.49,0.7303700802819659,0.5492968117222591,0.6270224837150663,lr_tfidf_pair
0.5,0.734393878372936,0.5370738531772329,0.6204227448645431,lr_tfidf_pair
0.51,0.7387070037297969,0.5249981591929902,0.613782120259975,lr_tfidf_pair
0.52,0.7434940273037542,0.5132906266107061,0.6073093174195233,lr_tfidf_pair
0.53,0.7487668530088787,0.5029821073558648,0.6017441860465116,lr_tfidf_pair
0.54,0.7551876630003401,0.49039098740888004,0.5946428571428571,lr_tfidf_pair
0.55,0.759766081871345,0.47831529342463736,0.5870498395915231,lr_tfidf_pair
0.56,0.7649262750785594,0.4660187025992195,0.5791809654541296,lr_tfidf_pair
0.5700000000000001,0.7698828222388432,0.45475296369928575,0.5717724390131,lr_tfidf_pair
0.58,0.7737404973585879,0.442161843752301,0.562740136819417,lr_tfidf_pair
0.59,0.7792691029900333,0.43177969221706797,0.5556713730692695,lr_tfidf_pair
0.6,0.7830214639515686,0.41904130770929976,0.5459254640510337,lr_tfidf_pair
0.61,0.7880945599544289,0.40748103968779914,0.5372033199048681,lr_tfidf_pair
0.62,0.7928539790344012,0.39540534570355645,0.5276604107300776,lr_tfidf_pair
0.63,0.7981510015408321,0.3814152124291289,0.516167605002242,lr_tfidf_pair
0.64,0.8034571062740077,0.36963404756645313,0.5063291139240507,lr_tfidf_pair
0.65,0.8084610259826782,0.357411089021427,0.4956854735767169,lr_tfidf_pair
0.66,0.8125757838212367,0.345409027317576,0.4847576728324894,lr_tfidf_pair
0.67,0.8151607688162386,0.3341432884176423,0.47399206183413406,lr_tfidf_pair
0.68,0.8203728111466767,0.3208158456667403,0.4612534406097819,lr_tfidf_pair
0.6900000000000001,0.823888232979142,0.30829835800014727,0.448695279429888,lr_tfidf_pair
0.7000000000000001,0.8277926904811067,0.29519181209042045,0.43519322622666085,lr_tfidf_pair
0.71,0.8326814428509344,0.28215889846108533,0.42149260298080626,lr_tfidf_pair
0.72,0.8383467278989667,0.26883145571018335,0.407114183764496,lr_tfidf_pair
0.73,0.8445255474452554,0.2555776452396731,0.3924029167373241,lr_tfidf_pair
0.74,0.8508002065049045,0.24269199617112142,0.3776568318533372,lr_tfidf_pair
0.75,0.8556616643929059,0.2309108313084456,0.363678534152847,lr_tfidf_pair
0.76,0.8602276043186461,0.21706796259480157,0.3466603951081844,lr_tfidf_pair
0.77,0.8623031799938252,0.20565495913408438,0.33210463733650414,lr_tfidf_pair
0.78,0.8635911052107534,0.19159119357926516,0.3136073279498614,lr_tfidf_pair
0.79,0.8640397586084487,0.17922097047345556,0.29686547139895114,lr_tfidf_pair
0.8,0.8672768878718535,0.16743980561077976,0.2806887613404925,lr_tfidf_pair
0.81,0.8683774834437086,0.1544805242618364,0.2622991810964556,lr_tfidf_pair
0.8200000000000001,0.8729802513464991,0.14321478536190266,0.2460623695363401,lr_tfidf_pair
0.8300000000000001,0.876937984496124,0.13327442750901997,0.231383828699265,lr_tfidf_pair
0.84,0.8830963665086888,0.1234813342169207,0.21666666666666667,lr_tfidf_pair
0.85,0.8814343551185656,0.11221559531698697,0.19908556499020247,lr_tfidf_pair
0.86,0.885403329065301,0.10183344378175392,0.18265865416363997,lr_tfidf_pair
0.87,0.8865096359743041,0.09145129224652088,0.1657989587505006,lr_tfidf_pair
0.88,0.8878431372549019,0.08335174140343127,0.15239633817986,lr_tfidf_pair
0.89,0.8916967509025271,0.07274869302702305,0.1345224317516509,lr_tfidf_pair
0.9,0.8935516888433982,0.06428098078197482,0.1199340568759445,lr_tfidf_pair
0.91,0.8976470588235295,0.05618142993888521,0.10574457764534684,lr_tfidf_pair
0.92,0.90646492434663,0.04852367277814594,0.09211629857422422,lr_tfidf_pair
0.93,0.9141414141414141,0.039982328252705986,0.0766137566137566,lr_tfidf_pair
0.9400000000000001,0.9194214876033058,0.03276636477431706,0.0632776395307501,lr_tfidf_pair
0.9500000000000001,0.9261213720316622,0.02584493041749503,0.0502865329512894,lr_tfidf_pair
0.96,0.9381443298969072,0.020101612546940578,0.0393598615916955,lr_tfidf_pair
0.97,0.9301075268817204,0.012738384507768206,0.02513256337618944,lr_tfidf_pair
0.98,0.92,0.006774169796038583,0.01344930926101893,lr_tfidf_pair
0.99,0.96875,0.0022826006921434355,0.004554469991919489,lr_tfidf_pair
1.0,0.0,0.0,0.0,lr_tfidf_pair
0.0,0.35610152603702344,1.0,0.5251841682940506,lr_tfidf_pair_lexical
0.01,0.39719133996489175,0.9996318385980414,0.56849730952032,lr_tfidf_pair_lexical
0.02,0.41918926440122445,0.9982328252705986,0.5904359566220984,lr_tfidf_pair_lexical
0.03,0.4362604405172692,0.9960974891392387,0.606772819017717,lr_tfidf_pair_lexical
0.04,0.45109440267335005,0.9939621530078786,0.6205580839424447,lr_tfidf_pair_lexical
0.05,0.46417123358494466,0.9916059200353435,0.6323425834624595,lr_tfidf_pair_lexical
0.06,0.4767194265029456,0.9891024225020248,0.6433583179673843,lr_tfidf_pair_lexical
0.07,0.488435721581789,0.985862602164789,0.6532334788866391,lr_tfidf_pair_lexical
0.08,0.49828101644245143,0.9818128267432442,0.6610644257703082,lr_tfidf_pair_lexical
0.09,0.5084836646367153,0.9775421544805243,0.6689846308893929,lr_tfidf_pair_lexical
0.1,0.5174047535142331,0.9729769530962374,0.6755623721881391,lr_tfidf_pair_lexical
0.11,0.5270226926469409,0.9678963257492085,0.6824494457856345,lr_tfidf_pair_lexical
0.12,0.5347239263803681,0.9626684338413961,0.6875443716967737,lr_tfidf_pair_lexical
0.13,0.542758073275682,0.9566305868492747,0.6925742310357696,lr_tfidf_pair_lexical
0.14,0.5500212856534695,0.9513290626610706,0.6970408135739526,lr_tfidf_pair_lexical
0.15,0.5578801163244933,0.9463956998748251,0.7019661387220099,lr_tfidf_pair_lexical
0.16,0.5645382539050401,0.9394006332376114,0.7052515201768934,lr_tfidf_pair_lexical
0.17,0.5717896637327917,0.9327737280023563,0.7089769420192523,lr_tfidf_pair_lexical
0.18,0.5770327446651949,0.9238642220749577,0.7103750884642603,lr_tfidf_pair_lexical
0.19,0.5846607946026986,0.9188572270083204,0.7146170365068002,lr_tfidf_pair_lexical
0.2,0.5904757364858423,0.9120830572122819,0.7168610202841518,lr_tfidf_pair_lexical
0.21,0.5963761779850384,0.9039835063691922,0.718646647349782,lr_tfidf_pair_lexical
0.22,0.6029994060582063,0.8970620720123702,0.7212076365250852,lr_tfidf_pair_lexical
0.23,0.6085663895187705,0.8892570502908476,0.7226111410279423,lr_tfidf_pair_lexical
0.24,0.6147170586422923,0.8814520285693248,0.7243079715625473,lr_tfidf_pair_lexical
0.25,0.6206481336055704,0.8729106840438848,0.7254757970748423,lr_tfidf_pair_lexical
0.26,0.6256065696155282,0.8638539135557028,0.7256757592626956,lr_tfidf_pair_lexical
0.27,0.6309233685350664,0.8578160665635814,0.72707982275479,lr_tfidf_pair_lexical
0.28,0.6363486026128659,0.8500110448420588,0.7278229619822206,lr_tfidf_pair_lexical
0.29,0.6411995515695067,0.8422796554009278,0.7281117723815281,lr_tfidf_pair_lexical
0.3,0.6468403611015884,0.8335910463147044,0.7284367660779203,lr_tfidf_pair_lexical
0.31,0.6527915235489317,0.8256387600323982,0.7291111255608297,lr_tfidf_pair_lexical
0.32,0.6591286799620133,0.8176864737500921,0.7298958230635249,lr_tfidf_pair_lexical
0.33,0.6646068096449775,0.8077461158972093,0.7292185993950876,lr_tfidf_pair_lexical
0.34,0.668989761934131,0.7986893454090274,0.7281087430776976,lr_tfidf_pair_lexical
0.35000000000000003,0.6740185266872519,0.787570871069877,0.7263837011884551,lr_tfidf_pair_lexical
0.36,0.679212507237985,0.7773359840954275,0.7249690976514216,lr_tfidf_pair_lexical
0.37,0.6841966868261898,0.7663647743170606,0.7229534956413016,lr_tfidf_pair_lexical
0.38,0.6893080072488087,0.7562035196230027,0.7212078651685394,lr_tfidf_pair_lexical
0.39,0.6940426407074792,0.745453206685811,0.7188298778756035,lr_tfidf_pair_lexical
0.4,0.6987394957983193,0.7347028937486194,0.7162700549154732,lr_tfidf_pair_lexical
0.41000000000000003,0.7029611130931145,0.7254252264192622,0.7140165241339325,lr_tfidf_pair_lexical
0.42,0.7087251257380276,0.7159266622487298,0.7123076923076923,lr_tfidf_pair_lexical
0.43,0.7129981378026071,0.7048081879095796,0.7088795082574242,lr_tfidf_pair_lexical
0.44,0.7177548682703322,0.6920698034018113,0.7046783625730993,lr_tfidf_pair_lexical
0.45,0.7214676034348165,0.6805095353803108,0.7003902845667083,lr_tfidf_pair_lexical
0.46,0.7270981678534283,0.6691701641999853,0.6969325153374233,lr_tfidf_pair_lexical
0.47000000000000003,0.7312505111638178,0.6583462189824019,0.6928859268443893,lr_tfidf_pair_lexical
0.48,0.7362481190436382,0.648479493409911,0.689582273029793,lr_tfidf_pair_lexical
0.49,0.7418471283060858,0.6381709741550696,0.6861146295123497,lr_tfidf_pair_lexical
0.5,0.7460930640913082,0.6257271187688682,0.6806295302550959,lr_tfidf_pair_lexical
0.51,0.7530529172320217,0.6129887342611001,0.675840233804189,lr_tfidf_pair_lexical
0.52,0.75737277886315,0.5994403946690229,0.6692149609535553,lr_tfidf_pair_lexical
0.53,0.7625334864140835,0.5868492747220382,0.6632546914659011,lr_tfidf_pair_lexical
0.54,0.7673252727808906,0.5747735807377955,0.6572366759282647,lr_tfidf_pair_lexical
0.55,0.772492662685963,0.5620351962300273,0.6506691671639246,lr_tfidf_pair_lexical
0.56,0.7780208333333334,0.5499595022457846,0.6444070575039904,lr_tfidf_pair_lexical
0.5700000000000001,0.7827115363939361,0.5360430012517488,0.6363080150336509,lr_tfidf_pair_lexical
0.58,0.78728362183755,0.5224210293792799,0.6280706413490905,lr_tfidf_pair_lexical
0.59,0.7914616000915646,0.5091672189087696,0.6196791827224661,lr_tfidf_pair_lexical
0.6,0.7947567312234294,0.4955452470363007,0.6104585241961087,lr_tfidf_pair_lexical
0.61,0.7997560975609757,0.48288049480892425,0.6021762086221937,lr_tfidf_pair_lexical
0.62,0.8024147905923783,0.46977394889919744,0.5926063533345717,lr_tfidf_pair_lexical
0.63,0.8090826047239984,0.45652013842868716,0.583694219544342,lr_tfidf_pair_lexical
0.64,0.813614262560778,0.44356085707974374,0.5741243745532524,lr_tfidf_pair_lexical
0.65,0.8179012345679012,0.42927619468374933,0.5630402240571732,lr_tfidf_pair_lexical
0.66,0.8209454545454545,0.41558059053088875,0.5518185373484552,lr_tfidf_pair_lexical
0.67,0.8249168430601754,0.40173772181724465,0.5403317652884377,lr_tfidf_pair_lexical
0.68,0.8306527909176916,0.3878948531036006,0.5288360186718867,lr_tfidf_pair_lexical
0.6900000000000001,0.8347066578773896,0.3729475001840807,0.5155478650312992,lr_tfidf_pair_lexical
0.7000000000000001,0.8388650042992262,0.35917826375082834,0.5029903072798515,lr_tfidf_pair_lexical
0.71,0.841792656587473,0.34437817539209187,0.48879134660605106,lr_tfidf_pair_lexical
0.72,0.8456186536291839,0.33112436492158165,0.47589819567172875,lr_tfidf_pair_lexical
0.73,0.8489222859402809,0.31610337972166996,0.4606717458954823,lr_tfidf_pair_lexical
0.74,0.8514975041597338,0.30145055592371695,0.445266191745065,lr_tfidf_pair_lexical
0.75,0.8572372769332453,0.286503203004197,0.4294701986754967,lr_tfidf_pair_lexical
0.76,0.8608978832286578,0.2725130697297695,0.4139821029082774,lr_tfidf_pair_lexical
0.77,0.8629592850049652,0.2559458066416317,0.3947981146004884,lr_tfidf_pair_lexical
0.78,0.8654101406955137,0.24004123407701936,0.3758358312197372,lr_tfidf_pair_lexical
0.79,0.8648031945236737,0.22325307414770634,0.35488968221454903,lr_tfidf_pair_lexical
0.8,0.8708384710234278,0.20801119210661953,0.3358098068350669,lr_tfidf_pair_lexical
0.81,0.8719734660033167,0.1935792651498417,0.31682333092311404,lr_tfidf_pair_lexical
0.8200000000000001,0.8739098837209303,0.17708563434209557,0.29449580603685793,lr_tfidf_pair_lexical
0.8300000000000001,0.8765383088527193,0.162580075104926,0.27428571428571424,lr_tfidf_pair_lexical
0.84,0.8844133099824869,0.14873720639128193,0.25464859754175856,lr_tfidf_pair_lexical
0.85,0.8869309838472834,0.1334216920698034,0.23195084485407064,lr_tfidf_pair_lexical
0.86,0.8910398230088495,0.11862160371106693,0.209370329456105,lr_tfidf_pair_lexical
0.87,0.8981132075471698,0.10514689639938149,0.18825390547755586,lr_tfidf_pair_lexical
0.88,0.9036144578313253,0.09388115749944775,0.17009071504802561,lr_tfidf_pair_lexical
0.89,0.9107289107289107,0.0818790957955968,0.150249966220781,lr_tfidf_pair_lexical
0.9,0.9155597722960152,0.0710551505780134,0.13187564058763238,lr_tfidf_pair_lexical
0.91,0.9155405405405406,0.0598630439584714,0.11237818784988597,lr_tfidf_pair_lexical
0.92,0.9189560439560439,0.049259995582063176,0.09350758264029631,lr_tfidf_pair_lexical
0.93,0.9280701754385965,0.03895147632722185,0.07476503427319624,lr_tfidf_pair_lexical
0.9400000000000001,0.9303370786516854,0.030483764082173626,0.05903322401254813,lr_tfidf_pair_lexical
0.9500000000000001,0.9305993690851735,0.0217215227155585,0.042452151388689026,lr_tfidf_pair_lexical
0.96,0.944954128440367,0.015168249760695088,0.02985723603159649,lr_tfidf_pair_lexical
0.97,0.968503937007874,0.00905677048818202,0.017945725124015172,lr_tfidf_pair_lexical
0.98,0.967741935483871,0.004417936823503424,0.008795719416550612,lr_tfidf_pair_lexical
0.99,1.0,0.0012517487666593035,0.00250036770113252,lr_tfidf_pair_lexical
1.0,0.0,0.0,0.0,lr_tfidf_pair_lexical
